City Number,City,Cloudiness,Country,Date,Humidity,Lat,Long,Temp F,Wind Speed
0,hobyo,1,SO,1594670787,78,5.35,48.53,77.79,26.84
1,tocopilla,6,CL,1594670787,38,-22.09,-70.2,67.12,5.21
2,yozgat,0,TR,1594670787,74,39.58,35.33,60.01,7.9
3,vaini,40,TO,1594670787,77,-21.2,-175.2,69.8,6.93
4,nampula,75,MZ,1594670788,82,-15.12,39.27,68.0,11.41
5,komsomolskiy,90,UZ,1594670788,34,40.43,71.72,80.6,9.17
6,ushuaia,40,AR,1594670788,80,-54.8,-68.3,33.8,23.04
7,rikitea,26,PF,1594670788,85,-23.12,-134.97,72.66,15.68
8,skjervoy,40,NO,1594670788,76,70.03,20.97,57.2,4.7
9,moa,4,CU,1594670788,70,20.66,-74.94,86.5,8.03
10,punta arenas,90,CL,1594670522,83,-53.15,-70.92,33.8,9.17
11,naze,20,JP,1594670788,94,28.37,129.48,80.6,6.93
12,port hedland,72,AU,1594670788,50,-20.32,118.57,57.2,8.05
13,sosua,20,DO,1594670789,66,19.77,-70.52,91.4,17.22
14,kaputa,0,ZM,1594670789,49,-8.47,29.66,69.87,2.06
15,qaanaaq,0,GL,1594670789,66,77.48,-69.36,44.98,10.51
16,fortuna,75,US,1594670789,82,40.6,-124.16,63.0,14.99
17,namatanai,100,PG,1594670789,82,-3.67,152.43,78.37,4.97
18,chervona sloboda,88,UA,1594670789,79,49.38,32.15,59.05,17.45
19,nemuro,83,JP,1594670789,91,43.32,145.57,55.83,5.93
20,hovd,100,MN,1594670789,66,48.01,91.64,57.25,2.93
21,jamestown,75,US,1594670670,56,42.1,-79.24,73.99,11.41
22,berlevag,75,NO,1594670790,87,70.86,29.09,46.4,4.7
23,hithadhoo,50,MV,1594670790,74,-0.6,73.08,84.85,9.6
24,provideniya,96,RU,1594670541,71,64.38,-173.3,51.8,2.24
25,chapais,1,CA,1594670790,40,49.78,-74.85,73.4,10.29
26,nikolskoye,20,RU,1594670790,76,59.7,30.79,57.99,6.71
27,upington,18,ZA,1594670790,54,-28.45,21.26,53.6,11.41
28,comodoro rivadavia,40,AR,1594670627,45,-45.87,-67.5,42.8,13.87
29,gat,0,IL,1594670791,68,31.61,34.76,80.01,1.19
30,suzhou,100,CN,1594670508,95,31.31,120.62,73.0,5.59
31,narasannapeta,100,IN,1594670791,84,18.42,84.05,82.18,6.55
32,caetite,81,BR,1594670791,41,-14.07,-42.48,76.39,6.33
33,yellowknife,90,CA,1594670507,93,62.46,-114.35,60.8,16.11
34,busselton,90,AU,1594670791,75,-33.65,115.33,54.0,21.83
35,cabo san lucas,20,MX,1594670560,48,22.89,-109.91,93.2,9.17
36,hasaki,75,JP,1594670791,100,35.73,140.83,68.0,2.24
37,salalah,90,OM,1594670791,94,17.02,54.09,82.4,8.05
38,saint-georges,40,GD,1594670744,74,12.06,-61.75,87.8,20.8
39,mehamn,90,NO,1594670792,81,71.04,27.85,46.4,5.82
40,tasiilaq,75,GL,1594670792,66,65.61,-37.64,48.2,9.17
41,aykhal,75,RU,1594670792,51,66.0,111.5,60.8,2.24
42,bengkulu,92,ID,1594670792,90,-3.8,102.27,75.02,3.87
43,brigantine,40,US,1594670732,45,39.41,-74.36,87.8,8.05
44,cherskiy,9,RU,1594670792,64,68.75,161.3,59.13,4.23
45,carutapera,81,BR,1594670792,90,-1.2,-46.02,79.68,5.61
46,mataura,100,NZ,1594670792,83,-46.19,168.86,39.0,3.0
47,albany,4,US,1594670792,37,42.6,-73.97,90.0,8.99
48,saint-joseph,19,RE,1594670793,72,-21.37,55.62,68.0,5.82
49,luanda,40,AO,1594670506,83,-8.84,13.23,71.6,6.93
50,bougouni,100,ML,1594670793,79,11.42,-7.48,76.1,2.57
51,iskateley,53,RU,1594670793,88,67.68,53.15,45.09,6.38
52,robertsport,100,LR,1594670793,86,6.75,-11.37,76.96,15.43
53,mirpur mathelo,53,PK,1594670793,43,28.02,69.55,93.87,10.65
54,keffi,20,NG,1594670793,88,8.85,7.87,75.2,3.36
55,sao raimundo das mangabeiras,98,BR,1594670794,32,-7.02,-45.48,90.7,1.43
56,alofi,75,NU,1594670794,68,-19.06,-169.92,71.6,19.46
57,talnakh,40,RU,1594670794,93,69.49,88.4,53.6,6.71
58,asfi,0,MA,1594670794,85,32.3,-9.24,72.21,13.82
59,laguna,1,US,1594670794,39,38.42,-121.42,90.0,9.17
60,narino,40,CO,1594670794,46,5.61,-75.18,73.4,8.05
61,port-gentil,90,GA,1594670794,88,-0.72,8.78,77.0,16.22
62,butaritari,58,KI,1594670794,72,3.07,172.79,82.81,3.96
63,kapaa,90,US,1594670690,78,22.08,-159.32,78.8,12.75
64,ponta delgada,75,PT,1594670684,64,37.73,-25.67,71.6,11.41
65,porto walter,79,BR,1594670795,74,-8.27,-72.74,82.36,3.4
66,hilo,20,US,1594670647,65,19.73,-155.09,80.6,4.7
67,cape town,75,ZA,1594670502,54,-33.93,18.42,54.0,5.82
68,hobart,90,AU,1594670734,81,-42.88,147.33,42.8,10.29
69,georgetown,20,MY,1594670795,94,5.41,100.34,78.8,4.83
70,amapa,87,BR,1594670795,91,1.0,-52.0,80.56,2.71
71,avarua,82,CK,1594670795,64,-21.21,-159.78,69.8,11.41
72,victoria,0,HK,1594670527,83,22.29,114.16,84.99,11.01
73,beyneu,25,KZ,1594670796,20,45.32,55.2,89.69,11.9
74,saint george,1,US,1594670783,12,37.1,-113.58,108.0,9.17
75,bardiyah,0,LY,1594670796,74,31.76,25.09,74.8,11.7
76,bethel,20,US,1594670796,48,41.37,-73.41,87.01,10.29
77,ponta do sol,1,PT,1594670796,72,32.67,-17.1,69.01,3.56
78,carnarvon,40,AU,1594670796,82,-24.87,113.63,62.6,4.7
79,bonnyville,90,CA,1594670796,93,54.27,-110.73,55.4,11.41
80,sao filipe,56,CV,1594670797,83,14.9,-24.5,78.31,5.73
81,kruisfontein,0,ZA,1594670797,51,-34.0,24.73,49.28,13.96
82,kaitangata,35,NZ,1594670797,82,-46.28,169.85,42.01,7.0
83,tiksi,100,RU,1594670690,85,71.69,128.87,51.4,13.04
84,san andres,40,CO,1594670644,74,12.58,-81.7,87.8,9.17
85,dengzhou,83,CN,1594670797,83,37.81,120.75,67.14,4.29
86,boyuibe,100,BO,1594670797,66,-20.42,-63.28,67.28,6.29
87,osa,0,RU,1594670797,80,57.28,55.46,66.36,4.23
88,bluff,96,NZ,1594670797,83,-46.6,168.33,39.0,3.0
89,mayo,1,US,1594670798,61,38.89,-76.51,88.0,9.17
90,port alfred,0,ZA,1594670798,43,-33.59,26.89,57.97,27.27
91,ilam,0,NP,1594670798,89,26.92,87.92,67.28,2.71
92,nanortalik,100,GL,1594670798,91,60.14,-45.24,45.03,0.72
93,tuktoyaktuk,75,CA,1594670798,67,69.45,-133.04,59.0,6.93
94,khatanga,0,RU,1594670798,62,71.97,102.5,58.73,9.78
95,saldanha,99,ZA,1594670798,76,-33.01,17.94,51.8,4.7
96,sao joao da barra,0,BR,1594670798,38,-21.64,-41.05,87.8,3.36
97,isangel,92,VU,1594670799,79,-19.55,169.27,72.46,7.05
98,xiaoshi,100,CN,1594670799,100,41.3,124.12,69.8,4.47
99,katy,0,US,1594670799,54,29.79,-95.82,100.99,1.01
100,ostrovnoy,4,RU,1594670799,87,68.05,39.51,44.71,3.22
101,iqaluit,20,CA,1594670799,37,63.75,-68.51,66.2,17.22
102,huanren,100,CN,1594670799,92,41.26,125.37,65.16,1.52
103,kaeo,96,NZ,1594670799,3,-35.1,173.78,50.0,1.21
104,atuona,34,PF,1594670799,77,-9.8,-139.03,79.5,19.44
105,casa grande,1,US,1594670800,22,32.88,-111.76,105.01,4.7
106,klyuchi,99,RU,1594670800,89,52.27,79.17,60.55,7.29
107,thompson,90,CA,1594670637,93,55.74,-97.86,66.2,4.7
108,lasa,40,IT,1594670800,63,46.62,10.7,62.6,3.36
109,sao gabriel da cachoeira,53,BR,1594670800,84,-0.13,-67.09,83.37,1.07
110,pacific grove,90,US,1594670684,68,36.62,-121.92,69.01,10.29
111,sitka,90,US,1594670675,76,57.05,-135.33,55.4,3.36
112,college,90,US,1594670801,93,64.86,-147.8,54.0,4.7
113,esperance,0,AU,1594670801,34,-33.87,121.9,53.6,19.46
114,rurrenabaque,42,BO,1594670801,64,-14.44,-67.53,86.18,2.46
115,east london,0,ZA,1594670796,39,-33.02,27.91,61.43,25.7
116,puerto ayora,59,EC,1594670693,90,-0.74,-90.35,70.0,1.99
117,myitkyina,100,MM,1594670801,97,25.38,97.4,74.75,1.97
118,ribeira grande,40,PT,1594670294,78,38.52,-28.7,71.6,17.22
119,lafiagi,100,NG,1594670801,89,8.87,5.42,75.7,5.5
120,longyearbyen,75,SJ,1594670802,76,78.22,15.64,48.2,5.82
121,ust-kut,0,RU,1594670802,84,56.79,105.77,60.91,1.3
122,nancha,0,CN,1594670802,89,47.13,129.27,62.58,1.34
123,champerico,20,GT,1594670802,52,14.3,-91.92,91.4,6.93
124,chuy,0,UY,1594670802,57,-33.7,-53.46,46.78,10.85
125,mar del plata,40,AR,1594670731,70,-38.0,-57.56,46.0,10.29
126,nicoya,75,CR,1594670802,58,10.15,-85.45,87.8,8.05
127,riyadh,16,SA,1594670802,13,24.69,46.72,100.4,10.29
128,vostok,32,RU,1594670803,100,46.49,135.88,55.9,2.33
129,kodinsk,11,RU,1594670803,73,58.69,99.18,57.65,0.92
130,harper,100,LR,1594670803,82,4.38,-7.72,75.87,11.36
131,waterloo,75,CA,1594670803,57,43.47,-80.52,78.01,11.41
132,hongjiang,43,CN,1594670803,87,27.11,110.0,75.63,2.39
133,yar-sale,99,RU,1594670803,66,66.83,70.83,51.51,12.24
134,turukhansk,96,RU,1594670803,91,65.82,87.98,54.68,13.06
135,narsaq,75,GL,1594670788,67,60.92,-46.05,59.0,6.93
136,qarchi gak,5,AF,1594670803,22,37.04,66.79,87.8,5.82
137,boende,100,CD,1594670804,88,-0.22,20.87,73.15,2.37
138,kovdor,98,RU,1594670804,83,67.57,30.48,50.49,6.38
139,chornukhy,100,UA,1594670804,81,50.27,32.94,56.86,15.86
140,faanui,100,PF,1594670804,81,-16.48,-151.75,78.82,16.08
141,poplar bluff,1,US,1594670804,40,36.76,-90.39,90.0,8.05
142,pevek,79,RU,1594670797,68,69.7,170.31,42.91,2.1
143,tarko-sale,74,RU,1594670804,88,64.92,77.78,52.0,20.18
144,kavaratti,100,IN,1594670804,75,10.57,72.64,82.98,11.12
145,flinders,100,AU,1594670805,89,-34.58,150.86,55.99,7.0
146,baraolt,35,RO,1594670805,76,46.08,25.6,57.0,0.4
147,zvishavane,0,ZW,1594670805,50,-20.33,30.07,53.73,1.5
148,lavrentiya,86,RU,1594670805,77,65.58,-171.0,44.62,6.51
149,sechura,17,PE,1594670805,58,-5.56,-80.82,73.96,13.0
150,saskylakh,100,RU,1594670805,77,71.92,114.08,58.33,5.03
151,poum,100,NC,1594670805,79,-20.23,164.02,72.5,17.16
152,vao,100,NC,1594670765,77,-22.67,167.48,72.16,12.71
153,billings,40,US,1594670790,23,45.78,-108.5,75.2,9.17
154,birao,50,CF,1594670806,91,10.28,22.79,73.0,11.23
155,hermanus,100,ZA,1594670806,81,-34.42,19.23,48.99,7.0
156,san francisco menendez,20,SV,1594670806,46,13.84,-90.02,89.6,2.24
157,mount gambier,1,AU,1594670806,100,-37.83,140.77,37.4,4.7
158,tastur,40,TN,1594670806,42,36.55,9.44,84.2,9.17
159,saint-ambroise,90,CA,1594670806,88,48.55,-71.33,68.0,9.17
160,asau,0,RO,1594670806,59,46.43,26.4,60.8,11.41
161,klaksvik,99,FO,1594670807,100,62.23,-6.59,51.8,8.05
162,khokhryaki,23,RU,1594670807,82,56.92,53.32,69.01,6.64
163,srednekolymsk,0,RU,1594670807,57,67.45,153.68,56.7,8.68
164,leningradskiy,100,RU,1594670807,87,69.38,178.42,37.24,8.34
165,chokurdakh,0,RU,1594670691,54,70.63,147.92,60.4,14.47
166,tonj,31,SS,1594670807,91,7.27,28.68,71.69,3.83
167,arman,96,RU,1594670807,70,59.7,150.17,60.21,0.94
168,kargopol,100,RU,1594670807,98,61.51,38.95,52.45,5.86
169,hualmay,17,PE,1594670807,70,-11.1,-77.61,66.94,10.76
170,dikson,100,RU,1594670794,98,73.51,80.55,39.47,13.13
171,praia da vitoria,20,PT,1594670808,60,38.73,-27.07,75.2,12.35
172,port elizabeth,0,ZA,1594670808,58,-33.92,25.57,57.2,16.11
173,faya,70,SA,1594670808,49,18.39,42.45,75.2,6.69
174,aksarka,58,RU,1594670808,75,66.56,67.8,49.05,14.43
175,barrow,90,US,1594670701,80,71.29,-156.79,37.4,12.75
176,la asuncion,74,VE,1594670809,44,11.03,-63.86,96.8,18.34
177,bulgan,100,MN,1594670809,83,48.81,103.53,57.69,2.15
178,ixtapa,40,MX,1594670809,70,20.7,-105.2,90.0,10.29
179,santa maria,0,BR,1594670809,68,-29.68,-53.81,54.61,5.93
180,ahipara,75,NZ,1594670809,89,-35.17,173.17,53.87,4.68
181,tavrichanka,75,RU,1594670809,100,43.34,131.86,62.6,0.38
182,christchurch,0,NZ,1594670519,100,-43.53,172.63,24.8,2.73
183,pirovskoye,100,RU,1594670809,83,57.63,92.27,57.92,1.01
184,castro,3,BR,1594670534,73,-24.79,-50.01,68.27,6.4
185,codrington,6,AU,1594670810,91,-38.27,141.97,41.7,3.67
186,qaqortoq,75,GL,1594670710,67,60.72,-46.03,59.0,6.93
187,gobabis,0,NA,1594670810,19,-22.45,18.97,48.2,1.12
188,kentau,0,KZ,1594670810,24,43.52,68.51,81.61,21.09
189,beringovskiy,100,RU,1594670810,90,63.05,179.32,49.37,3.29
190,miri,40,MY,1594670810,100,4.41,114.01,75.2,4.25
191,ocos,40,GT,1594670810,59,14.51,-92.19,91.4,5.7
192,el paujil,20,CO,1594670810,80,1.57,-75.33,80.96,4.61
193,mbaiki,99,CF,1594670810,98,3.87,17.99,69.69,2.82
194,vestmannaeyjar,100,IS,1594670800,86,63.44,-20.27,52.72,7.14
195,kumluca,67,TR,1594670811,51,36.37,30.29,84.96,2.26
196,kavieng,100,PG,1594670811,76,-2.57,150.8,81.79,9.57
197,paso del macho,20,MX,1594670811,62,18.97,-96.72,90.0,4.7
198,new norfolk,3,AU,1594670811,92,-42.78,147.06,41.0,2.06
199,menongue,0,AO,1594670811,39,-14.66,17.69,52.93,2.57
200,lata,0,PT,1594670789,59,40.16,-8.33,84.99,3.0
201,bredasdorp,100,ZA,1594670793,66,-34.53,20.04,51.8,14.99
202,necochea,30,AR,1594670524,69,-38.55,-58.74,45.0,11.99
203,saquarema,0,BR,1594670812,40,-22.92,-42.51,86.0,3.36
204,soledade,93,BR,1594670812,85,-28.82,-52.51,52.59,8.08
205,nipawin,1,CA,1594670812,68,53.37,-104.0,68.0,9.17
206,kahului,20,US,1594670812,51,20.89,-156.47,86.0,19.46
207,upernavik,65,GL,1594670812,86,72.79,-56.15,41.54,7.18
208,vicuna,20,CL,1594670607,76,-30.03,-70.71,57.2,10.29
209,nome,1,US,1594670740,66,64.5,-165.41,60.01,5.82
210,cayenne,35,GF,1594670813,66,4.93,-52.33,87.8,3.36
211,marawi,71,PH,1594670813,95,8.0,124.29,73.99,5.01
212,ancud,40,CL,1594670809,61,-41.87,-73.82,52.0,4.7
213,souillac,40,MU,1594670813,83,-20.52,57.52,71.6,12.75
214,alice springs,0,AU,1594670586,83,-23.7,133.88,32.0,4.7
215,arraial do cabo,0,BR,1594670813,40,-22.97,-42.03,86.0,3.36
216,coquimbo,20,CL,1594670576,76,-29.95,-71.34,57.2,10.29
217,colinas,99,BR,1594670813,41,-6.03,-44.25,87.53,3.11
218,zheleznodorozhnyy,40,RU,1594670814,100,55.75,38.0,64.4,2.24
219,tonantins,81,BR,1594670814,65,-2.87,-67.8,86.81,2.66
220,rawson,0,AR,1594670814,56,-43.3,-65.1,44.76,25.95
221,dunedin,44,NZ,1594670545,81,-45.87,170.5,41.18,8.3
222,fairbanks,90,US,1594670534,100,64.84,-147.72,55.99,3.36
223,bolanos de calatrava,10,ES,1594670814,26,38.91,-3.66,91.4,4.7
224,grand gaube,4,MU,1594670814,79,-20.01,57.66,71.01,5.99
225,atar,8,MR,1594670814,9,20.52,-13.05,103.51,9.06
226,mokhsogollokh,100,RU,1594670815,96,61.47,128.92,65.8,4.27
227,yerbogachen,32,RU,1594670807,79,61.28,108.01,57.69,1.97
228,tual,66,ID,1594670815,82,-5.67,132.75,78.94,22.93
229,mananjary,0,MG,1594670815,88,-21.22,48.33,67.69,7.45
230,bataipora,1,BR,1594670815,56,-22.3,-53.27,80.96,1.54
231,kahta,0,TR,1594670815,36,37.79,38.62,80.6,9.17
232,geraldton,90,AU,1594670816,64,-28.77,114.6,68.0,20.8
233,krasnoselkup,94,RU,1594670816,93,65.7,82.47,54.79,18.05
234,bay city,75,US,1594670707,34,43.59,-83.89,81.0,3.44
235,lebu,0,CL,1594670676,68,-37.62,-73.65,51.98,3.15
236,allende,20,MX,1594670816,17,25.28,-100.02,102.2,12.75
237,palana,94,RU,1594670816,87,59.12,159.97,53.67,6.67
238,boueni,20,YT,1594670817,83,-12.9,45.08,75.2,5.82
239,pisco,90,PE,1594670817,87,-13.7,-76.22,64.0,8.05
240,letterkenny,75,IE,1594670817,76,54.95,-7.73,57.2,11.41
241,clyde river,20,CA,1594670817,71,70.47,-68.59,51.8,8.05
242,newport,100,GB,1594670817,96,51.59,-3.0,63.0,1.01
243,lagoa,7,PT,1594670789,80,39.05,-27.98,69.35,13.24
244,cidreira,69,BR,1594670817,60,-30.18,-50.21,54.0,10.16
245,sumbe,97,AO,1594670818,82,-11.21,13.84,72.3,6.51
246,kamaishi,2,JP,1594670818,86,39.27,141.88,62.65,5.17
247,elk plain,1,US,1594670818,46,47.05,-122.4,72.0,3.36
248,outjo,0,NA,1594670818,34,-20.12,16.15,54.46,7.34
249,kidal,45,ML,1594670818,14,18.44,1.41,97.0,4.94
250,santa isabel do rio negro,19,BR,1594670818,53,-0.41,-65.02,89.13,3.56
251,tandil,0,AR,1594670818,39,-37.32,-59.13,46.0,10.0
252,airai,42,TL,1594670818,88,-8.93,125.41,54.3,4.36
253,egvekinot,93,RU,1594670819,80,66.32,-179.17,48.58,3.89
254,san patricio,20,MX,1594670802,59,19.22,-104.7,91.4,11.41
255,haines junction,100,CA,1594670819,47,60.75,-137.51,60.22,8.1
256,taganak,20,PH,1594670819,88,6.08,118.3,78.8,3.36
257,palembang,100,ID,1594670819,97,-2.92,104.75,74.03,1.39
258,sakakah,0,SA,1594670819,12,29.97,40.21,95.0,12.75
259,arica,7,CL,1594670820,72,-18.48,-70.3,62.6,11.41
260,mao,0,ES,1594670820,73,39.89,4.27,75.2,11.41
261,kilindoni,0,TZ,1594670821,77,-7.91,39.67,77.34,15.01
262,inta,78,RU,1594670821,75,66.03,60.17,52.45,10.51
263,ormara,92,PK,1594670822,78,25.21,64.64,84.06,9.6
264,hambantota,47,LK,1594670823,82,6.12,81.12,81.5,15.3
265,viedma,0,AR,1594670758,55,-40.81,-63.0,46.02,20.85
266,orotukan,100,RU,1594670823,58,62.27,151.7,65.64,6.53
267,shimoda,100,JP,1594670823,95,34.67,138.95,66.99,12.12
268,sanming,74,CN,1594670823,69,26.25,117.62,78.01,1.36
269,beira,0,MZ,1594670023,82,-19.84,34.84,60.8,5.82
270,tyulgan,100,RU,1594670824,85,52.34,56.17,67.48,11.34
271,urumqi,0,CN,1594670597,40,43.8,87.6,73.4,8.95
272,floriano,100,BR,1594670824,31,-6.77,-43.02,91.98,5.23
273,canico,20,PT,1594670824,69,32.63,-16.85,73.4,8.05
274,buraydah,20,SA,1594670825,19,26.33,43.98,100.4,11.41
275,nizhnyaya poyma,92,RU,1594670825,83,56.16,97.19,60.42,2.82
276,hollola,89,FI,1594670825,92,61.05,25.43,51.01,2.84
277,kashi,40,CN,1594670825,46,39.45,75.98,73.4,6.71
278,otane,100,NZ,1594670826,94,-39.88,176.63,45.0,5.99
279,yangambi,100,CD,1594670826,89,0.81,24.43,73.45,1.03
280,sorong,100,ID,1594670826,89,-0.88,131.25,76.6,8.55
281,todos santos,27,MX,1594670826,70,23.45,-110.22,84.0,3.0
282,jumla,100,NP,1594670826,72,29.27,82.18,62.47,2.37
283,tazovskiy,81,RU,1594670827,88,67.47,78.7,43.95,16.89
284,luderitz,0,NA,1594670827,76,-26.65,15.16,57.2,11.41
285,tlaxco,40,MX,1594670827,31,19.62,-98.12,77.0,7.23
286,belmonte,90,BR,1594670827,65,-15.86,-38.88,78.8,5.82
287,touros,20,BR,1594670828,58,-5.2,-35.46,82.4,9.17
288,tuatapere,54,NZ,1594670829,83,-46.13,167.68,39.0,3.0
289,sola,55,VU,1594670829,82,-13.88,167.55,80.17,23.0
290,saint anthony,40,US,1594670829,42,45.02,-93.22,86.0,16.11
291,bellefontaine,75,US,1594670685,50,40.36,-83.76,80.01,9.17
292,bochum,97,DE,1594670831,52,51.48,7.22,71.01,3.83
293,meulaboh,99,ID,1594670826,83,4.14,96.13,77.05,2.71
294,tiarei,75,PF,1594670831,74,-17.53,-149.33,80.6,2.24
295,grindavik,75,IS,1594670831,81,63.84,-22.43,51.8,6.93
296,porbandar,100,IN,1594670831,84,21.64,69.61,83.48,14.52
297,coihaique,20,CL,1594670831,56,-45.58,-72.07,42.8,5.82
298,sorrento,0,IT,1594670832,38,40.63,14.37,77.0,8.05
299,san cristobal,40,VE,1594670832,38,7.77,-72.22,93.2,19.46
300,mindelo,90,CV,1594670832,94,16.89,-24.98,77.0,1.12
301,severo-kurilsk,100,RU,1594670832,88,50.68,156.12,48.51,6.22
302,petropavlovka,1,RU,1594670832,77,50.61,105.32,61.77,2.51
303,olafsvik,67,IS,1594670832,78,64.89,-23.71,52.65,1.3
304,maumere,0,ID,1594670832,73,-8.62,122.21,76.96,3.76
305,brokopondo,0,SR,1594670833,62,4.75,-55.17,85.28,4.56
306,norman wells,40,CA,1594670833,55,65.28,-126.83,66.2,5.82
307,najran,40,SA,1594670834,13,17.49,44.13,93.2,4.7
308,boralday,61,KZ,1594670834,37,43.36,76.86,65.64,1.57
309,fort saint james,0,CA,1594670834,34,54.43,-124.25,67.33,8.63
310,katsuura,100,JP,1594670834,92,35.13,140.3,73.0,1.01
311,antalaha,47,MG,1594670834,85,-14.9,50.28,67.41,6.38
312,tolaga bay,100,NZ,1594670835,92,-38.37,178.3,50.9,4.5
313,vila,4,PT,1594670835,53,42.03,-8.16,77.0,7.0
314,san pedro de macoris,40,DO,1594670835,55,18.46,-69.3,91.4,11.41
315,la ronge,75,CA,1594670819,49,55.1,-105.28,69.8,10.29
316,zirandaro,1,MX,1594670837,45,18.45,-100.98,98.17,0.04
317,saint-philippe,42,RE,1594670837,72,-21.36,55.77,68.0,5.82
318,majene,81,ID,1594670827,86,-3.54,118.97,77.05,12.97
319,broken hill,0,AU,1594670837,93,-31.95,141.43,39.2,4.7
320,longuenesse,100,FR,1594670837,69,50.73,2.24,64.0,1.01
321,sinnamary,10,GF,1594670799,73,5.38,-52.95,82.47,8.99
322,emerald,0,AU,1594670838,70,-23.53,148.17,42.8,6.93
323,kodiak,90,US,1594670676,82,57.79,-152.41,55.4,10.29
324,chengde,8,CN,1594670838,83,40.97,117.94,63.34,2.8
325,bambous virieux,40,MU,1594670838,83,-20.34,57.76,71.6,12.75
326,kapuskasing,75,CA,1594670729,49,49.42,-82.43,71.6,9.17
327,kochi,75,IN,1594670839,94,9.94,76.26,78.8,4.47
328,jieshi,38,CN,1594670839,84,22.81,115.83,83.14,11.7
329,van,75,TR,1594670840,63,38.49,43.38,62.6,2.24
330,vanavara,0,RU,1594670840,80,60.34,102.28,57.42,3.02
331,rocha,0,UY,1594670840,61,-34.48,-54.33,43.48,12.44
332,itaituba,51,BR,1594670841,44,-4.28,-55.98,91.45,2.1
333,monterey,0,US,1594670841,40,36.25,-121.25,91.0,1.01
334,north bend,1,US,1594670841,68,43.41,-124.22,77.0,25.28
335,pangai,75,TO,1594670841,69,-19.8,-174.35,75.2,20.8
336,margate,100,GB,1594670640,53,51.38,1.39,69.01,1.99
337,acapulco,20,MX,1594670560,63,16.86,-99.89,91.4,6.93
338,scarborough,98,GB,1594670841,76,54.28,-0.4,61.0,1.99
339,tirumullaivasal,97,IN,1594670842,75,11.23,79.83,83.5,13.18
340,saint-augustin,100,CA,1594670842,87,51.23,-58.65,58.64,17.96
341,manavalakurichi,40,IN,1594670842,88,8.13,77.3,80.6,6.93
342,wawa,100,NG,1594670842,88,9.9,4.42,76.28,6.11
343,karratha,10,AU,1594670638,42,-20.74,116.85,64.45,8.03
344,priiskovyy,100,RU,1594670842,85,51.93,116.63,62.73,2.19
345,liku,92,ID,1594670843,84,-0.73,119.89,74.8,2.33
346,puerto madryn,0,AR,1594670626,56,-42.77,-65.04,44.94,22.68
347,zabaykalsk,100,RU,1594670843,82,49.63,117.32,65.7,4.72
348,ituporanga,75,BR,1594670843,98,-27.41,-49.6,64.0,2.59
349,domoni,3,KM,1594670843,74,-12.26,44.53,74.1,4.34
350,san luis,0,AR,1594670844,43,-33.3,-66.34,53.06,7.67
351,wanxian,98,CN,1594670844,81,30.8,108.39,74.35,4.09
352,cabedelo,97,BR,1594670844,61,-6.98,-34.83,82.4,11.41
353,suluq,0,LY,1594670844,63,31.67,20.25,76.53,11.81
354,san quintin,7,MX,1594670802,54,30.48,-115.95,77.9,11.95
355,kloulklubed,70,PW,1594670844,71,7.04,134.26,83.53,9.06
356,henties bay,0,NA,1594670844,88,-22.12,14.28,55.99,3.0
357,ongandjera,0,NA,1594670844,28,-17.88,15.07,61.41,4.56
358,paita,13,PE,1594670845,69,-5.09,-81.11,75.2,12.75
359,nishihara,20,JP,1594670845,88,26.18,127.76,84.2,5.82
360,wilson,1,US,1594670845,51,36.15,-86.28,88.0,10.29
361,vrangel,0,RU,1594670845,91,42.73,133.08,58.26,1.68
362,krasnoye,0,UA,1594670845,82,49.91,24.61,55.4,4.47
363,magadan,100,RU,1594670845,72,59.57,150.8,58.08,1.25
364,santa cruz cabralia,90,BR,1594670845,65,-16.28,-39.02,78.8,5.82
365,porto santo,75,PT,1594670845,73,33.07,-16.34,71.6,14.99
366,guerrero negro,3,MX,1594670815,33,27.98,-114.06,86.0,16.8
367,leh,0,IN,1594670814,35,34.17,77.58,58.86,4.81
368,tomigusuku,20,JP,1594670846,83,26.18,127.67,84.2,8.05
369,talara,15,PE,1594670846,69,-4.58,-81.27,75.2,12.75
370,te anau,32,NZ,1594670811,94,-45.42,167.72,32.99,0.92
371,rangia,100,IN,1594670846,91,26.47,91.63,79.95,3.51
372,coxim,8,BR,1594670846,27,-18.51,-54.76,93.43,4.41
373,bathsheba,20,BB,1594670806,66,13.22,-59.52,87.8,20.8
374,torbay,75,CA,1594670846,73,47.67,-52.73,77.0,11.41
375,wagar,5,SD,1594670847,31,16.15,36.2,93.83,15.28
376,umba,98,RU,1594670847,92,66.69,34.34,51.35,6.31
377,poli,75,TZ,1594670847,77,-3.33,36.8,64.4,10.29
378,tautira,75,PF,1594670847,78,-17.73,-149.15,80.01,6.93
379,golden gate,1,US,1594670847,70,26.19,-81.7,96.01,9.17
380,deputatskiy,100,RU,1594670847,72,69.3,139.9,55.49,4.81
381,yulara,0,AU,1594670789,60,-25.24,130.99,41.0,6.93
382,nandyal,100,IN,1594670847,79,15.48,78.48,79.79,10.94
383,ekhabi,100,RU,1594670847,94,53.51,142.97,51.69,2.93
384,tura,100,IN,1594670848,96,25.52,90.22,75.27,4.72
385,mantua,76,IT,1594670848,54,45.17,10.78,71.01,1.99
386,carballo,0,ES,1594670848,82,43.21,-8.69,66.2,10.29
387,broome,1,US,1594670848,50,42.25,-75.83,77.0,10.29
388,sabha,0,LY,1594670848,20,27.04,14.43,84.56,12.21
389,ilulissat,75,GL,1594670848,70,69.22,-51.1,46.4,8.05
390,korla,84,CN,1594670820,58,41.76,86.15,78.01,5.99
391,tabat,85,ID,1594670848,93,-2.63,115.23,72.72,1.19
392,north las vegas,1,US,1594670848,9,36.2,-115.12,109.4,21.92
393,methoni,0,GR,1594670849,83,36.82,21.7,81.0,2.24
394,shasta lake,0,US,1594670849,17,40.68,-122.37,100.99,1.99
395,port pirie,90,AU,1594670849,100,-33.18,138.02,48.2,2.24
396,nantucket,90,US,1594670697,94,41.28,-70.1,71.6,9.17
397,ust-barguzin,0,RU,1594670849,88,53.45,108.98,56.35,3.62
398,zalesovo,100,RU,1594670849,95,53.99,84.74,59.7,4.18
399,kayes,100,ML,1594670849,47,14.0,-11.0,91.22,7.76
400,rocky mountain house,62,CA,1594670597,47,52.37,-114.92,63.23,11.92
401,richards bay,0,ZA,1594670850,46,-28.78,32.04,61.9,7.23
402,alexandria,0,EG,1594670850,69,31.22,29.96,78.8,11.41
403,tumen,100,CN,1594670850,92,42.97,129.84,55.63,1.07
404,yeppoon,0,AU,1594670850,70,-23.13,150.73,46.4,6.2
405,hamilton,40,US,1594670736,48,39.18,-84.53,86.0,9.17
406,taltal,22,CL,1594670850,59,-25.4,-70.48,62.53,2.68
407,mildura,0,AU,1594670851,100,-34.2,142.15,41.0,6.93
408,vegueta,23,PE,1594670851,72,-11.02,-77.64,66.31,10.45
409,samarai,94,PG,1594670851,88,-10.62,150.67,78.35,14.56
410,vila franca do campo,75,PT,1594670851,64,37.72,-25.43,71.6,11.41
411,rorvik,20,NO,1594670851,81,64.86,11.24,51.8,6.93
412,ahome,40,MX,1594670851,49,25.92,-109.18,95.0,17.22
413,gizo,100,SB,1594670852,74,-8.1,156.84,82.11,7.45
414,dumas,1,US,1594670852,19,35.87,-101.97,108.0,9.17
415,hanzhong,99,CN,1594670852,79,33.07,107.03,69.94,1.14
416,severnyy,75,RU,1594670852,88,50.68,36.55,68.0,4.47
417,rincon,40,US,1594670852,52,32.3,-81.24,95.0,9.17
418,itoman,20,JP,1594670852,83,26.12,127.67,84.2,8.05
419,tevaitoa,100,PF,1594670852,78,-16.78,-151.5,79.65,15.82
420,saint-pierre,0,RE,1594670852,72,-21.34,55.48,68.0,5.82
421,nikolayevsk-na-amure,29,RU,1594670853,91,53.14,140.73,56.19,2.28
422,llanes,36,ES,1594670853,79,43.42,-4.75,69.01,3.15
423,weilburg,38,DE,1594670853,54,50.48,8.25,73.99,1.63
424,sistranda,75,NO,1594670853,66,63.73,8.83,55.4,3.36
425,novyy svit,100,UA,1594670853,88,47.81,38.02,66.36,5.1
426,bonavista,11,CA,1594670853,79,48.65,-53.11,67.14,19.69
427,abomsa,98,ET,1594670853,45,9.98,39.98,79.18,6.38
428,holme,49,DK,1594670853,67,56.11,10.17,60.8,3.36
429,inirida,68,CO,1594670853,60,3.87,-67.92,87.06,1.92
430,atasu,0,KZ,1594670854,45,48.68,71.64,67.37,11.97
431,seoul,90,KR,1594670629,88,37.57,126.98,64.4,5.82
432,tilichiki,97,RU,1594670854,93,60.47,166.1,51.3,5.35
433,olinda,40,BR,1594670854,74,-8.01,-34.86,80.6,11.41
434,anloga,20,GH,1594670854,88,5.79,0.9,77.0,12.75
435,surazh,95,RU,1594670854,92,53.02,32.39,52.81,9.93
436,lisburn,100,GB,1594670854,72,54.52,-6.04,59.0,9.17
437,ziarat,0,PK,1594670854,75,30.38,67.73,63.43,4.88
438,lagos,20,NG,1594670583,88,6.58,3.75,77.0,5.82
439,houma,40,US,1594670855,70,29.6,-90.72,98.01,8.05
440,goundi,99,TD,1594670855,79,9.36,17.37,77.72,3.6
441,boa vista,75,BR,1594670855,78,2.82,-60.67,78.8,11.41
442,constitucion,11,CL,1594670855,69,-35.33,-72.42,59.94,9.22
443,zhezkazgan,0,KZ,1594670855,28,47.8,67.71,77.2,16.46
444,yagodnoye,88,RU,1594670855,46,62.55,149.67,71.2,2.01
445,grootfontein,0,NA,1594670855,54,-19.57,18.12,47.08,2.66
446,ambon,95,ID,1594670808,86,-3.7,128.18,77.7,12.71
447,reinosa,1,ES,1594670855,80,43.0,-4.14,70.0,4.0
448,adre,0,TD,1594670856,45,13.47,22.2,85.12,9.8
449,san jose de guanipa,85,VE,1594670856,59,8.89,-64.17,86.81,12.19
450,lehigh acres,40,US,1594670856,49,26.63,-81.62,96.01,10.29
451,miura,100,JP,1594670856,92,35.14,139.62,72.0,1.01
452,thunder bay,75,CA,1594670856,50,48.4,-89.32,77.0,14.99
453,nizhniy odes,61,RU,1594670856,63,63.64,54.86,53.33,3.18
454,chara,24,RU,1594670857,83,56.91,118.26,59.22,0.36
455,cananeia,89,BR,1594670857,88,-25.01,-47.93,67.55,5.55
456,mahebourg,40,MU,1594670782,83,-20.41,57.7,71.6,12.75
457,sembe,71,CG,1594670857,93,1.65,14.58,70.11,1.1
458,la grande,1,US,1594670840,32,45.32,-118.09,71.01,5.82
459,tukan,100,RU,1594670857,82,53.84,57.46,63.32,3.11
460,zhenlai,0,CN,1594670857,63,45.85,123.3,68.0,5.01
461,camana,1,PE,1594670563,62,-16.62,-72.71,66.16,7.99
462,santa cruz de la palma,75,ES,1594670858,78,28.68,-17.76,71.6,16.11
463,baherden,99,TM,1594670858,18,38.44,57.43,95.36,2.01
464,apomu,100,NG,1594670858,96,7.33,4.18,72.28,4.65
465,ferrol,0,ES,1594670858,82,43.48,-8.24,66.2,10.29
466,da nang,20,VN,1594670858,88,16.07,108.22,78.8,4.7
467,matagami,40,CA,1594670858,46,49.75,-77.63,73.4,8.05
468,wajima,100,JP,1594670858,93,37.4,136.9,69.64,15.23
469,tiznit,2,MA,1594670858,42,29.58,-9.5,79.3,3.58
470,umm bab,1,QA,1594670858,37,25.21,50.81,98.6,17.22
471,sirumugai,100,IN,1594670859,75,11.33,77.02,78.75,3.6
472,kudahuvadhoo,57,MV,1594670859,69,2.67,72.89,84.27,6.35
473,vilhena,70,BR,1594670784,35,-12.74,-60.15,88.43,1.41
474,port macquarie,99,AU,1594670859,71,-31.43,152.92,51.01,12.68
475,sur,0,OM,1594670859,72,22.57,59.53,83.52,15.66
476,jijiga,84,ET,1594670859,75,9.35,42.8,65.64,14.74
477,deep river,20,CA,1594670859,53,46.1,-77.5,77.0,8.95
478,muncar,24,ID,1594670859,90,-8.43,114.33,76.01,5.93
479,tukrah,0,LY,1594670859,74,32.53,20.58,78.03,10.11
480,coahuayana,40,MX,1594670860,74,18.73,-103.68,82.4,11.41
481,cordoba,0,AR,1594670572,40,-31.41,-64.18,57.99,6.93
482,paragominas,45,BR,1594670735,60,-2.97,-47.48,87.67,2.13
483,onega,100,RU,1594670860,89,63.91,38.14,56.98,7.07
484,newberry,40,US,1594670860,49,34.27,-81.62,93.99,3.36
485,aljezur,0,PT,1594670860,75,37.32,-8.8,77.0,11.18
486,kasane,0,BW,1594670860,35,-17.82,25.15,56.55,5.06
487,katobu,40,ID,1594670860,88,-4.94,122.53,74.48,6.87
488,sabancuy,3,MX,1594670861,50,18.97,-91.18,90.95,8.48
489,upata,74,VE,1594670861,79,8.01,-62.4,81.41,4.97
490,puerto penasco,25,MX,1594670861,79,31.32,-113.53,87.01,11.99
491,marion,75,US,1594670739,48,39.77,-86.16,84.0,9.17
492,teya,11,RU,1594670861,72,60.38,92.63,57.2,3.62
493,waingapu,22,ID,1594670861,86,-9.66,120.26,75.79,12.82
494,maneadero,73,MX,1594670861,76,31.72,-116.57,78.01,5.01
495,kuytun,20,RU,1594670862,88,54.34,101.5,60.94,3.71
496,zyryanka,28,RU,1594670862,63,65.75,150.85,65.28,5.91
497,san lazaro,75,BZ,1594670862,59,18.04,-88.66,89.6,16.11
498,wuda,100,CN,1594670862,52,39.5,106.71,76.98,13.71
499,nara,100,JP,1594670862,77,34.69,135.8,72.0,5.1
500,nhulunbuy,40,AU,1594670862,64,-12.23,136.77,73.4,16.11
501,huaidian,100,CN,1594670862,84,33.43,115.03,71.58,1.95
502,ranong,100,TH,1594670863,78,9.97,98.63,78.91,3.02
503,calvinia,78,ZA,1594670863,90,-31.47,19.78,38.32,17.47
504,kalmunai,88,LK,1594670691,78,7.42,81.82,81.46,12.33
505,lishui,100,CN,1594670863,86,28.46,119.91,77.72,1.14
506,dong hoi,83,VN,1594670863,80,17.48,106.6,79.72,4.52
507,hami,0,CN,1594670859,36,42.8,93.45,73.49,8.48
508,xuddur,36,SO,1594670863,64,4.12,43.89,75.16,19.48
509,ayan,0,RU,1594670850,90,56.45,138.17,54.7,7.61
510,liepaja,2,LV,1594670864,87,56.54,21.04,59.0,9.17
511,lubango,0,AO,1594670864,35,-14.92,13.49,57.09,4.52
512,karacakoy,40,TR,1594670864,64,41.4,28.38,71.01,20.8
513,gushikawa,1,JP,1594670864,88,26.35,127.87,82.4,5.82
514,port moresby,100,PG,1594670864,91,-9.44,147.18,74.84,6.96
515,jacareacanga,91,BR,1594670335,59,-6.22,-57.75,82.38,0.81
516,maridi,43,SS,1594670865,95,4.92,29.47,67.51,1.99
517,burnie,0,AU,1594670865,83,-41.07,145.92,41.0,5.01
518,dashitou,93,CN,1594670865,93,43.31,128.51,52.57,2.59
519,sterling,20,US,1594670630,40,39.01,-77.43,90.0,5.37
520,jamkhed,100,IN,1594670865,91,18.74,75.31,74.46,13.78
521,cap malheureux,3,MU,1594670865,79,-19.98,57.61,71.01,5.99
522,marzuq,99,YE,1594670865,48,14.4,46.47,84.42,10.89
523,vanimo,30,PG,1594670848,85,-2.67,141.3,76.39,4.38
524,sobolevo,53,RU,1594670865,95,54.43,31.9,52.52,5.53
525,okha,100,RU,1594670866,95,53.57,142.95,51.4,2.89
526,sakaiminato,75,JP,1594670866,100,35.55,133.23,73.4,3.36
527,khandbari,82,NP,1594670866,72,27.37,87.2,74.37,0.78
528,baghmara,100,IN,1594670866,75,23.8,86.21,85.6,2.28
529,kijang,90,KR,1594670866,88,35.24,129.21,68.0,5.82
530,mandera,18,KE,1594670866,41,3.94,41.87,83.88,18.75
531,sisimiut,72,GL,1594670866,78,66.94,-53.67,45.55,17.16
532,te kauwhata,94,NZ,1594670618,85,-37.4,175.15,55.99,2.37
533,mushie,100,CD,1594670867,78,-3.02,16.9,76.48,4.18
534,impfondo,100,CG,1594670867,95,1.64,18.07,72.5,2.24
535,sioux lookout,90,CA,1594670867,44,50.1,-91.92,80.6,13.87
536,ravar,73,IR,1594670867,21,31.27,56.81,83.61,3.02
537,lompoc,5,US,1594670867,68,34.64,-120.46,69.01,17.22
538,zagare,0,LT,1594670867,76,56.36,23.25,57.2,8.05
539,valparaiso,0,CL,1594670813,23,-33.04,-71.63,77.0,11.41
540,coos bay,1,US,1594670867,68,43.37,-124.22,77.0,25.28
541,havoysund,40,NO,1594670867,87,71.0,24.66,50.0,9.17
542,melendugno,40,IT,1594670868,64,40.27,18.34,71.6,9.17
543,hofn,75,IS,1594670853,87,64.25,-15.21,53.6,5.82
544,humaita,97,BR,1594670868,51,-7.51,-63.02,89.78,2.35
545,jinchang,99,CN,1594670868,42,38.5,102.17,74.46,5.53
546,ambulu,11,ID,1594670868,90,-8.35,113.61,73.9,2.17
547,caravelas,0,BR,1594670868,78,-17.71,-39.25,75.18,5.41
548,okhotsk,14,RU,1594670868,67,59.38,143.3,61.72,2.33
549,gwadar,93,PK,1594670868,76,25.12,62.33,84.0,7.67
550,gouyave,40,GD,1594670824,74,12.16,-61.73,87.8,20.8
551,sulangan,100,PH,1594670869,72,11.14,123.72,83.88,4.23
552,anadyr,100,RU,1594670869,76,64.75,177.48,53.6,6.71
553,dromolaxia,0,CY,1594670869,88,34.88,33.59,80.6,5.82
554,muhos,100,FI,1594670869,100,64.81,25.99,53.01,1.12
555,kargil,0,IN,1594670869,45,34.57,76.1,55.49,6.6
556,kargasok,40,RU,1594670869,88,59.06,80.86,62.33,6.8
557,orangeburg,75,US,1594670869,52,33.49,-80.86,93.99,9.17
558,landeck,40,AT,1594670869,63,47.13,10.56,62.6,3.36
559,pangnirtung,75,CA,1594670869,76,66.15,-65.71,51.8,12.75
560,chumikan,69,RU,1594670786,94,54.72,135.31,52.09,2.15
561,alta floresta,82,BR,1594670870,33,-9.88,-56.09,90.68,4.34
562,luena,0,AO,1594670870,38,-11.78,19.92,57.13,4.68
563,lekoni,78,GA,1594670870,69,-1.58,14.26,76.48,4.38
564,agadez,13,NE,1594670870,21,19.75,10.25,90.25,3.69
565,vina del mar,0,CL,1594670870,23,-33.02,-71.55,77.0,11.41
566,salina,1,US,1594670870,38,38.84,-97.61,93.99,13.87
567,tateyama,100,JP,1594670870,100,34.98,139.87,72.0,5.01
568,fort nelson,75,CA,1594670870,49,58.81,-122.7,69.8,12.75
569,maarianhamina,22,AX,1594670871,87,60.1,19.93,48.2,2.24
570,durango,100,MX,1594670690,22,24.83,-104.83,83.66,9.93
571,roma,75,US,1594670871,65,43.21,-75.46,78.8,16.11
572,ferme-neuve,72,CA,1594670871,62,46.7,-75.45,71.74,9.48
573,sokol,100,RU,1594670871,98,59.46,40.12,61.32,5.26
